"2.2.8","2014/11/27"
"2.2.9_beta","2014/11/29"
"2.2.11","2014/11/30"
"2.2.12","2014/11/30"
"2.2.13","2014/12/01"
"3.1.4","2014/12/07"
"3.1.5L","2014/12/12"
"3.1.6","2014/12/19"
"3.1.7","2015/01/11"
"3.1.8","2015/01/17"
"3.1.9","2015/01/23"
"3.1.10","2015/01/29"
"3.2.0","2015/02/02"
"3.2.1","2015/02/03"
"3.2.2","2015/02/04"
"3.2.3","2015/02/09"
"3.2.4","2015/02/10"
"3.2.5","2015/02/18"
"3.2.6","2015/02/26"
"3.2.7","2015/03/03"
"switch-to-androidstudio","2015/03/08"
"3.2.7L","2015/03/22"
"3.2.8","2015/05/24"
"3.2.9","2015/05/24"
"3.2.10","2015/06/19"
"3.2.11","2015/07/29"
"3.2.12","2015/08/23"
"3.2.13","2015/08/28"
"3.2.14","2015/08/28"
"3.2.15","2015/10/12"
"3.2.16","2015/10/25"
"3.3.0","2016/02/22"
"3.3.1","2016/02/26"
"3.3.2","2016/03/10"
"Latest","2016/06/08"
