"v40","2014/03/20"
"v41","2014/03/21"
"v42","2014/03/28"
"v43","2014/03/30"
"v45","2014/04/15"
"v46","2014/04/17"
"v47","2014/04/20"
"v48","2014/04/24"
"v49","2014/06/13"
"v51","2014/08/24"
"v53","2014/10/11"
"v54","2014/10/27"
"v55","2014/10/30"
"v56","2015/03/05"
"v57","2015/03/17"
"v58","2015/03/19"
"v59","2015/03/20"
"v60","2015/04/04"
"v61","2015/05/04"
"v62","2015/05/05"
"v63","2015/05/17"
"v64","2015/06/21"
"v65","2015/07/12"
"v66","2015/08/16"
"v67","2015/09/04"
"v68","2015/09/11"
"v69","2015/10/25"
"v70","2016/01/30"
"v71","2016/02/21"
"v72","2016/03/06"
"v73","2016/03/07"
"v74","2016/03/17"
"v75","2016/04/15"
"v76","2016/04/18"
"v77","2016/05/20"
"v78","2016/06/22"
"Latest","2016/07/02"
