"v13","2011/01/25"
"v14","2011/02/10"
"v15","2011/04/07"
"v16","2011/06/03"
"v17","2011/06/07"
"v18","2011/06/22"
"v19","2011/06/27"
"v20","2011/06/29"
"v21","2011/07/07"
"v22","2011/07/07"
"v23","2011/07/11"
"v24","2011/07/13"
"v25","2011/07/15"
"v26","2011/07/30"
"v27","2011/08/14"
"v28","2011/11/22"
"v29","2011/12/05"
"v30","2011/12/06"
"v31","2012/01/25"
"v32","2012/01/30"
"v33","2012/02/14"
"v34","2012/03/02"
"v35","2012/04/15"
"v36","2012/04/16"
"v37","2012/09/04"
"v38","2012/10/01"
"v39","2012/11/04"
"v40","2013/01/20"
"v41","2013/04/24"
"v42","2013/12/18"
"v43","2015/02/08"
"Latest","2016/04/16"
